,Accuracy,Precision,Recall,F1
Naive Bayes,0.9623149394347241,0.8937728937728938,0.8160535117056856,0.8531468531468531
Logistic Regression,0.952445042620009,0.8184818481848185,0.8294314381270903,0.8239202657807309
SVM,0.9542395693135935,0.8272425249169435,0.8327759197324415,0.8300000000000001
Random Forest,0.9542395693135935,0.855595667870036,0.7926421404682275,0.8229166666666666
